{
  "AE": [
    "dubai",
    "abudhabi",
    "sharjah",
    "ajman",
    "kalba",
    "dibbaalfujairah",
    "khorfakkan",
    "dibbaalhisn",
    "ruwais",
    "almadam",
    "muzayri",
    "masfut",
    "manama",
    "alhamriyah",
    "murba",
    "alaincity",
    "aldhafra",
    "baniyascity",
    "ghayathi",
    "khalifacity",
    "liwaoasis",
    "mussafah",
    "zayedcity",
    "dibbaalfujairahmunicipality",
    "fujairah",
    "rasalkhaimah",
    "albatayih",
    "aldhaid",
    "milehah",
    "ummalquwain"
  ],
  "AR": [
    "crdoba",
    "rosario",
    "departamentodecapital",
    "sanmigueldetucumn",
    "salta",
    "sanjuan",
    "departamentodeconfluencia",
    "lans",
    "santiagodelestero",
    "sanfernando",
    "departamentodesanfernando",
    "santafe",
    "departamentodeparan",
    "sanpedro",
    "departamentodegeneralroca",
    "avellaneda",
    "corrientes",
    "departamentodeguaymalln",
    "sansalvadordejujuy",
    "bahablanca",
    "resistencia",
    "departamentodecoln",
    "neuqun",
    "departamentoderocuarto",
    "posadas",
    "quilmes",
    "juanmartndepueyrredn",
    "paran",
    "merlo",
    "departamentodelasheras",
    "departamentodesanjusto",
    "departamentodecruzalta",
    "palermo",
    "formosa",
    "departamentodemaip",
    "joscpaz",
    "departamentodeescalante",
    "departamentodesanrafael",
    "sanrafael"
  ],
  "AU": [
    "melbourne",
    "brisbane",
    "perth",
    "adelaide",
    "goldcoast",
    "canberra",
    "ipswich",
    "sutherlandshire",
    "cityofsydney",
    "hobart",
    "thehillsshire",
    "geelong",
    "onkaparinga",
    "townsville",
    "redland",
    "cairns",
    "hornsbyshire",
    "portadelaideenfield",
    "darwin",
    "charlessturt",
    "cityofcockburn",
    "ballarat",
    "toowoomba",
    "bendigo",
    "playford",
    "marion",
    "mandurah",
    "launceston",
    "mackay",
    "bunbury",
    "pointcook",
    "craigieburn",
    "rockhampton",
    "herveybay",
    "tarneit",
    "pakenham",
    "bundaberg",
    "reservoir",
    "blacktown",
    "berwick",
    "werribee",
    "waggawagga",
    "portmacquarie",
    "dubbo",
    "glenwaverley",
    "orange",
    "adelaidehills",
    "castlehill",
    "auburn"
  ],
  "BR": [
    "sopaulo",
    "riodejaneiro",
    "braslia",
    "belohorizonte",
    "salvador",
    "fortaleza",
    "manaus",
    "curitiba",
    "recife",
    "goinia",
    "belm",
    "portoalegre",
    "guarulhos",
    "campinas",
    "macei",
    "sogonalo",
    "solus",
    "teresina",
    "novaiguau",
    "duquedecaxias",
    "joopessoa",
    "natal",
    "santoandr",
    "uberlndia",
    "osasco",
    "sobernardodocampo",
    "sojosdoscampos",
    "ribeiropreto",
    "jaboato",
    "cuiab",
    "sorocaba",
    "jaboatodosguararapes",
    "aracaju",
    "contagem",
    "feiradesantana",
    "londrina",
    "serra",
    "juizdefora",
    "camposdosgoytacazes",
    "portovelho",
    "niteri",
    "aparecidadegoinia",
    "ananindeua",
    "florianpolis",
    "macap",
    "sojosdoriopreto"
  ],
  "CA": [
    "toronto",
    "metrovancouverregionaldistrict",
    "montral",
    "calgary",
    "ottawa",
    "edmonton",
    "capitalenationale",
    "winnipeg",
    "mississauga",
    "northyork",
    "vancouver",
    "brampton",
    "scarborough",
    "hamilton",
    "surrey",
    "qubec",
    "regionalmunicipalityofwaterloo",
    "laval",
    "halifax",
    "chaudireappalaches",
    "london",
    "outaouais",
    "etobicoke",
    "markham",
    "vaughan",
    "fraservalleyregionaldistrict",
    "gatineau",
    "mauricie",
    "saskatoon",
    "kitchener",
    "longueuil",
    "centreduqubec",
    "burnaby",
    "windsor",
    "regina",
    "oakville",
    "richmondhill",
    "bassaintlaurent",
    "regionaldistrictofcentralokanagan",
    "burlington",
    "nepean",
    "oshawa",
    "sherbrooke",
    "greatersudbury",
    "lvis",
    "abbotsford",
    "coquitlam",
    "saguenay"
  ],
  "CL": [
    "santiago",
    "puentealto",
    "llanquihue",
    "antofagasta",
    "viadelmar",
    "sanbernardo",
    "valparaso",
    "temuco",
    "talca",
    "rancagua",
    "concepcin",
    "coquimbo",
    "quillota",
    "arica",
    "laserena",
    "chilln",
    "iquique",
    "copiap",
    "puertomontt",
    "calama",
    "valdivia",
    "quilpu",
    "talcahuano",
    "osorno",
    "losngeles",
    "villaalemana",
    "sanpedrodelapaz",
    "ovalle",
    "puntaarenas",
    "coronel",
    "altohospicio",
    "curic",
    "hualpn",
    "sanantonio",
    "petorca",
    "padrelascasas",
    "huasco",
    "linares",
    "sanfelipe",
    "losandes",
    "coyhaique",
    "villarrica",
    "talagante",
    "angol",
    "vallenar",
    "lota",
    "sanclemente",
    "tom",
    "cauquenes",
    "ancud"
  ],
  "CN": [
    "chengdu",
    "guangzhou",
    "shenzhen",
    "beijing",
    "suzhou",
    "zhengzhou",
    "wuhan",
    "hangzhou",
    "baoding",
    "shijiazhuang",
    "qingdao",
    "changsha",
    "harbin",
    "nanyang",
    "wenzhou",
    "foshan",
    "ningbo",
    "weifang",
    "hefei",
    "nanjing",
    "jinan",
    "shenyang",
    "zhoukou",
    "heze",
    "quanzhou",
    "nanning",
    "kunming",
    "jining",
    "shangqiu",
    "tangshan",
    "wuxi",
    "dalian",
    "cangzhou",
    "yantai",
    "luoyang",
    "jinhua",
    "zhumadian",
    "zhanjiang",
    "bijie",
    "yancheng",
    "zunyi",
    "shaoyang",
    "shangrao",
    "xinxiang",
    "xinyang",
    "maoming",
    "huizhou",
    "guiyang",
    "liaocheng",
    "qujing",
    "dezhou",
    "nanchong",
    "jieyang",
    "taian",
    "langfang",
    "jiaxing",
    "dazhou",
    "taiyuan",
    "yongzhou",
    "changde",
    "changzhou",
    "shaoxing",
    "jingzhou",
    "xiamen",
    "zhaotong",
    "zhangzhou",
    "yueyang",
    "yichun",
    "bozhou"
  ],
  "CO": [
    "medelln",
    "cali",
    "barranquilla",
    "ccuta",
    "soacha",
    "soledad",
    "villavicencio",
    "bucaramanga",
    "pereira",
    "ibagu",
    "valledupar",
    "santamarta",
    "manizales",
    "buenaventura",
    "pasto",
    "montera",
    "bello",
    "neiva",
    "palmira",
    "armenia",
    "popayn",
    "barrancabermeja",
    "itagui",
    "sincelejo",
    "floridablanca",
    "envigado",
    "tulu",
    "tumaco",
    "turbo",
    "tunja",
    "yopal",
    "dosquebradas",
    "fusagasug",
    "ipiales",
    "riohacha",
    "zipaquir",
    "sogamoso",
    "rionegro",
    "pitalito",
    "duitama",
    "quibd",
    "girardot",
    "cinaga",
    "magangu",
    "maicao",
    "apartad",
    "uribia",
    "piedecuesta"
  ],
  "DE": [
    "upperbavaria",
    "swabia",
    "hamburg",
    "munich",
    "lowerbavaria",
    "upperpalatinate",
    "upperfranconia",
    "stuttgart",
    "dsseldorf",
    "leipzig",
    "dortmund",
    "bremen",
    "dresden",
    "duisburg",
    "pankow",
    "mitte",
    "bochum",
    "wuppertal",
    "bielefeld",
    "bonn",
    "mannheim",
    "karlsruhe",
    "augsburg",
    "hamburgnord",
    "hamburgmitte",
    "wiesbaden",
    "mnchengladbach",
    "reinickendorf",
    "gelsenkirchen",
    "altona",
    "eimsbttel",
    "braunschweig",
    "aachen",
    "kiel",
    "spandau",
    "magdeburg",
    "hallesaale",
    "krefeld",
    "neueneustadt",
    "mainz",
    "lbeck",
    "erfurt",
    "rostock",
    "kassel",
    "hagen",
    "potsdam",
    "saarbrcken",
    "oldenburg",
    "harburg"
  ],
  "DK": [
    "copenhagen",
    "aarhus",
    "odense",
    "aalborg",
    "esbjerg",
    "gladsaxemunicipality",
    "randers",
    "horsens",
    "kolding",
    "vejle",
    "hvidovre",
    "roskilde",
    "herning",
    "silkeborg",
    "greve",
    "hrsholm",
    "helsingr",
    "nstved",
    "fredericia",
    "viborg",
    "rdovre",
    "ballerup",
    "charlottenlund",
    "kge",
    "taastrup",
    "holstebro",
    "vanlse",
    "hillerd",
    "slagelse",
    "holbk",
    "albertslund",
    "snderborg",
    "svendborg",
    "hjrring",
    "nrresundby",
    "frederikshavn",
    "glostrup",
    "ringsted",
    "haderslev",
    "solrd",
    "birkerd",
    "farum",
    "skive",
    "ishj",
    "stenlse",
    "skanderborg",
    "nyborg",
    "solrdstrand",
    "lillerd",
    "frederikssund"
  ],
  "EG": [
    "cairo",
    "giza",
    "alexandria",
    "elmataria",
    "helwan",
    "portsaid",
    "suez",
    "thoframadan",
    "ismailia",
    "markazaluqur",
    "asy",
    "banh",
    "aswan",
    "hadayekelkobba",
    "shibnalkawm",
    "tura",
    "damanhr",
    "hurghada",
    "damietta",
    "luxor",
    "sohag",
    "arish",
    "qalyb",
    "alawmidyah",
    "ah",
    "rosetta",
    "alkh",
    "abnb",
    "musturud",
    "idk",
    "akhmm",
    "dikirnis",
    "rasgharib",
    "maadi",
    "awsm",
    "zefta",
    "fuwwah",
    "saml",
    "almanshh",
    "kafrazzayyt",
    "manfal",
    "minyatannar",
    "alkhnkah",
    "juhaynah",
    "is",
    "sharmelsheikh",
    "tal",
    "farsh",
    "addilinjt",
    "hihya"
  ],
  "ES": [
    "madrid",
    "provinciademadrid",
    "valencia",
    "mlaga",
    "barcelona",
    "provinciadesantacruzdetenerife",
    "santacruzdetenerife",
    "provinciadezaragoza",
    "pontevedra",
    "almera",
    "zaragoza",
    "jan",
    "provinciadecantabria",
    "provinciadevalladolid",
    "murcia",
    "provinciadelen",
    "palma",
    "albacete",
    "laspalmasdegrancanaria",
    "alicante",
    "bilbao",
    "crdoba",
    "ourense",
    "valladolid",
    "vigo",
    "gijn",
    "carabanchel",
    "vitoriagasteiz",
    "fuencarralelpardo",
    "elche",
    "latina",
    "puentedevallecas",
    "granada",
    "terrassa",
    "provinciadehuesca",
    "badalona",
    "sabadell",
    "oviedo",
    "ciudadlineal",
    "cartagena",
    "mstoles",
    "jerezdelafrontera",
    "pamplona",
    "alcaldehenares",
    "hortaleza",
    "legans",
    "fuenlabrada",
    "getafe",
    "donostiasansebastin"
  ],
  "FI": [
    "helsinki",
    "espoo",
    "vantaa",
    "tampere",
    "oulu",
    "turku",
    "jyvskyl",
    "lahti",
    "pori",
    "kouvola",
    "joensuu",
    "lappeenranta",
    "vaasa",
    "hmeenlinna",
    "seinjoki",
    "rovaniemi",
    "mikkeli",
    "porvoo",
    "kotka",
    "kokkola",
    "jrvenp",
    "lohja",
    "nurmijrvi",
    "tuusula",
    "kirkkonummi",
    "rauma",
    "kerava",
    "vuosaari",
    "mellunkyl",
    "kajaani",
    "kaarina",
    "nokia",
    "yljrvi",
    "kangasala",
    "savonlinna",
    "vihti",
    "kaarela",
    "riihimki",
    "raisio",
    "hervanta",
    "imatra",
    "salo",
    "lempl",
    "raahe",
    "sastamala",
    "hollola",
    "karhula",
    "tornio",
    "pirkkala",
    "valkeakoski"
  ],
  "FR": [
    "nord",
    "paris",
    "seinesaintdenis",
    "gironde",
    "hautsdeseine",
    "loireatlantique",
    "yvelines",
    "pasdecalais",
    "hautegaronne",
    "seineetmarne",
    "valdemarne",
    "seinemaritime",
    "basrhin",
    "alpesmaritimes",
    "var",
    "moselle",
    "marseille",
    "hautesavoie",
    "morbihan",
    "hautrhin",
    "gard",
    "meurtheetmoselle",
    "calvados",
    "loiret",
    "charentemaritime",
    "sarthe",
    "somme",
    "marne",
    "lyon",
    "toulouse",
    "manche",
    "savoie",
    "vienne",
    "dordogne",
    "tarn",
    "hautevienne",
    "vosges",
    "nice",
    "charente",
    "nantes",
    "montpellier",
    "cher",
    "strasbourg",
    "ardennes",
    "bordeaux",
    "jura",
    "corrze",
    "lille",
    "saintquentinenyvelines"
  ],
  "GB": [
    "greaterlondon",
    "london",
    "kent",
    "essex",
    "hampshire",
    "surrey",
    "birmingham",
    "staffordshire",
    "nottinghamshire",
    "devon",
    "derbyshire",
    "lincolnshire",
    "leicestershire",
    "cambridgeshire",
    "gloucestershire",
    "glasgow",
    "sheffield",
    "eastsussex",
    "manchester",
    "leeds",
    "cityofedinburgh",
    "wiltshire",
    "liverpool",
    "edinburgh",
    "bristol",
    "leicester",
    "dorset",
    "cheshireeast",
    "cardiff",
    "fife",
    "cityofleicester",
    "coventry",
    "cheshirewestandchester",
    "belfast",
    "northlanarkshire",
    "southlanarkshire",
    "newcastleupontyne",
    "stockport",
    "southgloucestershire",
    "bradford",
    "nottingham",
    "bolton",
    "medway",
    "brightonandhove",
    "sunderland",
    "southampton",
    "plymouth",
    "miltonkeynes",
    "aberdeenshire"
  ],
  "ID": [
    "bogor",
    "bandung",
    "bekasi",
    "sukabumi",
    "jember",
    "sidoarjo",
    "cirebon",
    "medan",
    "depok",
    "tasikmalaya",
    "indramayu",
    "banyuwangi",
    "banyumas",
    "palembang",
    "pasuruan",
    "kediri",
    "pemalang",
    "tegal",
    "makassar",
    "magelang",
    "pati",
    "ciamis",
    "blitar",
    "bojonegoro",
    "jombang",
    "batam",
    "majalengka",
    "gresik",
    "bandarlampung",
    "sumedang",
    "sumenep",
    "tuban",
    "kuningan",
    "probolinggo",
    "bangkalan",
    "boyolali",
    "mojokerto",
    "nganjuk",
    "lumajang",
    "tulungagung",
    "semarang",
    "pekanbaru",
    "sragen",
    "ponorogo",
    "purbalingga",
    "pekalongan",
    "sampang",
    "purwakarta",
    "blora",
    "malang"
  ],
  "IL": [
    "jerusalem",
    "telaviv",
    "westjerusalem",
    "haifa",
    "ashdod",
    "netanya",
    "beersheba",
    "holon",
    "bneibrak",
    "ramatgan",
    "reovot",
    "ashkelon",
    "batyam",
    "kfarsaba",
    "hadera",
    "herzliya",
    "nazareth",
    "lod",
    "ramla",
    "raanana",
    "jaffa",
    "rahat",
    "givatayim",
    "afula",
    "eilat",
    "nessziona",
    "acre",
    "yavn",
    "ramathasharon",
    "tiberias",
    "oryehuda",
    "safed",
    "dimona",
    "tamra",
    "sakhnn",
    "netivot",
    "yehud",
    "gedera",
    "givatshmuel",
    "arad",
    "nesher",
    "maghr",
    "kafrkann",
    "kafrqsim",
    "shoham",
    "kafrmand",
    "ganeitikva",
    "iksl",
    "kbl",
    "evenyehuda"
  ],
  "IN": [
    "delhi",
    "mumbai",
    "bengaluru",
    "northparganasdistrict",
    "bengaluruurban",
    "punedivision",
    "mumbaisuburban",
    "hyderabad",
    "southparganasdistrict",
    "ahmedabad",
    "chennai",
    "nashikdivision",
    "pune",
    "surat",
    "paschimmedinipurdistrict",
    "hooghlydistrict",
    "nadiadistrict",
    "eastgodavari",
    "purbamedinipurdistrict",
    "belagavi",
    "nagpurdivision",
    "lucknowdistrict",
    "krishna",
    "kolkata",
    "agra",
    "saran",
    "westgodavari",
    "northwestdelhi",
    "kushinagar",
    "birbhumdistrict",
    "vaishali",
    "sitamarhi",
    "prakasam",
    "lucknow",
    "banaskantha",
    "jaipur",
    "katihar",
    "kanpur",
    "uttardinajpurdistrict",
    "mysuru",
    "rohtas",
    "nalanda",
    "palakkaddistrict",
    "southdelhi",
    "kalaburgi",
    "westdelhi",
    "mayurbhanj",
    "tiruppur",
    "ballari",
    "nagpur",
    "ambedkarnagar",
    "panchmahaldistrict",
    "ghaziabad",
    "surguja",
    "vizianagaramdistrict",
    "southwestdelhi",
    "northeastdelhi",
    "supaul",
    "dhar",
    "sundargarh",
    "kutchdistrict",
    "dakshinakannada",
    "vadodara",
    "rajkot",
    "visakhapatnam",
    "firozpurdistrict",
    "indore",
    "ujjain",
    "chandaulidistrict",
    "davanagere",
    "palamu",
    "sonitpur",
    "thane",
    "bhopal",
    "kanniyakumari",
    "sonbhadra",
    "jalore",
    "kanpurdehat",
    "shimoga",
    "cachar",
    "pimprichinchwad",
    "westtripura",
    "santkabirnagar",
    "eastdelhi",
    "dehradun",
    "barpeta",
    "patna",
    "dakshindinajpurdistrict",
    "udhamsinghnagar",
    "bhiwani",
    "kaimurdistrict",
    "ludhiana",
    "nagapattinam",
    "kaushambidistrict",
    "haveri",
    "kalahandi",
    "betul",
    "madurai",
    "jamshedpur",
    "kamrup"
  ],
  "IT": [
    "metropolitancityofmilan",
    "rome",
    "milan",
    "naples",
    "turin",
    "palermo",
    "genoa",
    "provinceofpisa",
    "bologna",
    "florence",
    "provinceofarezzo",
    "bari",
    "catania",
    "pistoia",
    "verona",
    "venice",
    "messina",
    "trieste",
    "parma",
    "brescia",
    "prato",
    "modena",
    "provinceoffermo",
    "reggiocalabria",
    "perugia",
    "ravenna",
    "livorno",
    "rimini",
    "cagliari",
    "latina",
    "giuglianoincampania",
    "monza",
    "siracusa",
    "sassari",
    "bergamo",
    "pescara",
    "trento",
    "forl",
    "vicenza",
    "terni",
    "bolzano",
    "piacenza",
    "novara",
    "ancona",
    "udine",
    "andria",
    "arezzo",
    "cesena"
  ],
  "JP": [
    "tokyo",
    "yokohama",
    "osaka",
    "nagoya",
    "sapporo",
    "fukuoka",
    "kobe",
    "kyoto",
    "saitama",
    "hiroshima",
    "sendai",
    "chiba",
    "niigata",
    "hamamatsu",
    "kumamoto",
    "okayama",
    "shizuoka",
    "kawaguchi",
    "kagoshima",
    "himeji",
    "utsunomiya",
    "nishinomiyahama",
    "ita",
    "kurashiki",
    "kanazawa",
    "fukuyama",
    "fujisawa",
    "machida",
    "kashiwa",
    "aomori",
    "takamatsu",
    "nagasaki",
    "toyonaka",
    "miyazaki",
    "hirakata",
    "yokosuka",
    "suita",
    "minato",
    "takasaki",
    "toyohashi",
    "nagano",
    "kawagoe",
    "wakayama",
    "takatsuki",
    "tokorozawa",
    "iwaki",
    "maebashi",
    "asahikawa",
    "kriyama"
  ],
  "KR": [
    "seoul",
    "busan",
    "incheon",
    "daegu",
    "daejeon",
    "suwon",
    "ulsan",
    "changwon",
    "seongnamsi",
    "namyangju",
    "cheonan",
    "pyeongtaek",
    "kimhae",
    "siheung",
    "pohang",
    "jejucity",
    "uijeongbusi",
    "michuhol",
    "gwangju",
    "sejong",
    "donggu",
    "jeonju",
    "jinjusi",
    "wnju",
    "hanam",
    "asan",
    "iksansi",
    "yangsan",
    "yangju",
    "chuncheon",
    "gunsansi",
    "yeosu",
    "iksan",
    "suncheon",
    "gyeongju",
    "asansi",
    "osan",
    "mokpo",
    "gangneung",
    "icheonsi",
    "anseong",
    "seogwipo",
    "seosan",
    "kwangyang",
    "andong",
    "jeongeupsi",
    "gimcheon",
    "nonsan"
  ],
  "MX": [
    "mexicocity",
    "tijuana",
    "ecatepecdemorelos",
    "iztapalapa",
    "len",
    "puebla",
    "guadalajara",
    "zapopan",
    "gustavoamadero",
    "ciudadnezahualcoyotl",
    "aguascalientes",
    "mrida",
    "cancn",
    "toluca",
    "naucalpandejurez",
    "hermosillo",
    "mexicali",
    "culiacn",
    "quertaro",
    "santiagodequertaro",
    "sanluispotos",
    "tlalnepantladebaz",
    "torren",
    "centro",
    "durango",
    "tlaquepaque",
    "irapuato",
    "reynosa",
    "tlalpan",
    "ixtapaluca",
    "tultitlndemarianoescobedo",
    "mazatln",
    "mazatlan",
    "ciudadlpezmateos",
    "ahome",
    "azcapotzalco",
    "tepic",
    "iztacalco",
    "tlhuac",
    "ojodeagua"
  ],
  "MY": [
    "kualalumpur",
    "klang",
    "ipoh",
    "kampungbarusubang",
    "johorbahru",
    "georgetown",
    "shahalam",
    "subangjaya",
    "petalingjaya",
    "kuantan",
    "sungaipetani",
    "malacca",
    "seremban",
    "sandakan",
    "kuching",
    "kluang",
    "muar",
    "kotatinggi",
    "kualaterengganu",
    "miri",
    "pasirmas",
    "telukintan",
    "taiping",
    "alorsetar",
    "bukitmertajam",
    "lahaddatu",
    "rawang",
    "sibu",
    "skudai",
    "kampungpasirgudangbaru",
    "kampungsungaiara",
    "batupahat",
    "portdickson",
    "bintulu",
    "tawau",
    "putrajaya",
    "butterworth",
    "semenyih",
    "marudi",
    "putatan",
    "donggongon",
    "keningau",
    "ulutiram",
    "serendah",
    "segamat",
    "langkawi",
    "kulai",
    "jitra",
    "semporna",
    "putraheights"
  ],
  "NG": [
    "lagos",
    "kano",
    "portharcourt",
    "ibadan",
    "benincity",
    "abuja",
    "oshodiisolo",
    "onitsha",
    "maiduguri",
    "aba",
    "enugu",
    "warri",
    "owerri",
    "abeokuta",
    "ikeja",
    "akure",
    "ilorin",
    "kaduna",
    "bauchi",
    "jalingo",
    "mushin",
    "jos",
    "ojo",
    "nasarawa",
    "calabar",
    "ebuteikorodu",
    "ikorodu",
    "surulere",
    "okene",
    "agege",
    "uyo",
    "ifakoijaiye",
    "sokoto",
    "zaria",
    "shomolu",
    "yola",
    "oyo",
    "gusau",
    "ondo",
    "udi",
    "gboko",
    "ankpa",
    "umuahia",
    "lafia",
    "ilesa",
    "minna",
    "amuwoodofin",
    "katsina",
    "adoekiti",
    "nsukka"
  ],
  "NL": [
    "amsterdam",
    "rotterdam",
    "thehague",
    "utrecht",
    "eindhoven",
    "groningen",
    "tilburg",
    "breda",
    "nijmegen",
    "almerestad",
    "apeldoorn",
    "arnhem",
    "haarlem",
    "enschede",
    "haarlemmermeer",
    "amersfoort",
    "zaanstad",
    "shertogenbosch",
    "hoofddorp",
    "zwolle",
    "zoetermeer",
    "leiden",
    "dordrecht",
    "maastricht",
    "ede",
    "alkmaar",
    "delft",
    "emmen",
    "venlo",
    "deventer",
    "amstelveen",
    "leeuwarden",
    "helmond",
    "oss",
    "hilversum",
    "heerlen",
    "nissewaard",
    "amsterdamzuidoost",
    "lelystad",
    "meierijstad",
    "purmerend",
    "feijenoord",
    "schiedam",
    "zaandam",
    "roosendaal",
    "gouda",
    "vlaardingen",
    "hoorn",
    "almelo",
    "alphenaandenrijn"
  ],
  "NO": [
    "oslo",
    "bergen",
    "trondheim",
    "stavanger",
    "brum",
    "kristiansand",
    "drammen",
    "lillestrm",
    "fredrikstad",
    "troms",
    "sandefjord",
    "asker",
    "sarpsborg",
    "tnsberg",
    "frogner",
    "lesund",
    "skien",
    "moss",
    "lrenskog",
    "larvik",
    "ullensaker",
    "karmy",
    "bod",
    "haugesund",
    "porsgrunn",
    "ringsaker",
    "molde",
    "halden",
    "ringerike",
    "gjvik",
    "asky",
    "hamar",
    "sola",
    "kongsberg",
    "lillehammer",
    "lier",
    "eidsvoll",
    "horten",
    "frder",
    "holmestrand",
    "nittedal",
    "rana",
    "harstad",
    "stjrdal",
    "kristiansund",
    "jessheim",
    "steinkjer",
    "ytrebygda",
    "lindesnes",
    "ski"
  ],
  "PE": [
    "lima",
    "trujillo",
    "provinciadearequipa",
    "arequipa",
    "provinciadetrujillo",
    "provinciadechiclayo",
    "provinciadepiura",
    "chiclayo",
    "provinciadehuancayo",
    "callao",
    "piura",
    "huancayo",
    "provinciadecusco",
    "provinciadesanta",
    "cusco",
    "chimbote",
    "provinciadeica",
    "provinciadecoronelportillo",
    "iquitos",
    "provinciadecajamarca",
    "santiagodesurco",
    "pucallpa",
    "provinciadesullana",
    "juliaca",
    "sanroman",
    "tacna",
    "provinciadelambayeque",
    "provinciadehunuco",
    "ica",
    "provinciadehuamanga",
    "tarapoto",
    "provinciadecaete",
    "provinciadechincha",
    "provinciadepuno",
    "ayacucho",
    "independencia",
    "provinciadesatipo",
    "cajamarca",
    "huacho",
    "hunuco",
    "provinciadesanmartn",
    "provinciadejan",
    "provinciadehuaral",
    "provinciadehuaraz",
    "sullana",
    "provinciadetumbes",
    "chanchamayo",
    "provinciadepisco",
    "provinciadelaconvencin",
    "sanchezcarrion"
  ],
  "PH": [
    "cavite",
    "bulacan",
    "bohol",
    "davaocity",
    "cotabato",
    "cagayan",
    "budta",
    "malingao",
    "zamboanga",
    "cebucity",
    "antipolo",
    "launion",
    "dasmarias",
    "generalsantos",
    "bacoor",
    "bian",
    "sarangani",
    "angeles",
    "generaltrias",
    "imus",
    "iloilo",
    "mansilingan",
    "pasay",
    "rodriguez",
    "tarlaccity",
    "lipa",
    "cainta",
    "butuan",
    "buldon",
    "cotabatocity",
    "cabuyao",
    "mandaue",
    "batangas",
    "cabanatuan",
    "binangonan",
    "silang",
    "mabalacat",
    "tagum",
    "lucena",
    "sanmateo"
  ],
  "PL": [
    "warsaw",
    "krakw",
    "d",
    "pozna",
    "gdask",
    "szczecin",
    "bydgoszcz",
    "biaystok",
    "katowice",
    "gdynia",
    "mokotw",
    "czstochowa",
    "radom",
    "toru",
    "kielce",
    "wrocaw",
    "rzeszw",
    "lublin",
    "zabrze",
    "ursynw",
    "biaoeka",
    "bytom",
    "zielonagra",
    "tarnowskiegry",
    "rybnik",
    "rudalska",
    "bemowo",
    "opole",
    "targwek",
    "tychy",
    "gorzwwielkopolski",
    "elblg",
    "gliwice",
    "dbrowagrnicza",
    "pock",
    "wocawek",
    "wabrzych",
    "rdmiecie",
    "mikow",
    "kalisz",
    "legnica",
    "puck",
    "grudzidz",
    "supsk",
    "jaworzno",
    "wawer",
    "jdrzejw",
    "nowyscz",
    "ochota",
    "koobrzeg"
  ],
  "RU": [
    "moscow",
    "saintpetersburg",
    "novosibirsk",
    "yekaterinburg",
    "kazan",
    "chelyabinsk",
    "krasnodar",
    "samara",
    "ufa",
    "omsk",
    "krasnoyarsk",
    "voronezh",
    "perm",
    "volgograd",
    "tyumen",
    "saratov",
    "makhachkala",
    "barnaul",
    "izhevsk",
    "khabarovsk",
    "ulyanovsk",
    "irkutsk",
    "vladivostok",
    "yaroslavl",
    "tomsk",
    "kemerovo",
    "orenburg",
    "balashikha",
    "novokuznetsk",
    "cheboksary",
    "kaliningrad",
    "penza",
    "lipetsk",
    "kirov",
    "tula",
    "astrakhan",
    "sochi",
    "ulanude",
    "kursk",
    "surgut",
    "tver",
    "magnitogorsk",
    "bryansk",
    "ivanovo",
    "vladimir",
    "chita",
    "kaluga",
    "nizhnytagil"
  ],
  "SA": [
    "riyadh",
    "jeddah",
    "mecca",
    "medina",
    "dammam",
    "tabuk",
    "abha",
    "hail",
    "khobar",
    "hafaralbatin",
    "sakakah",
    "dhahran",
    "taif",
    "jizan",
    "arrass",
    "alhawiyah",
    "azzulf",
    "qurayyat",
    "khamismushait",
    "alqaf",
    "wadiaddawasir",
    "trt",
    "yanbu",
    "sharurah",
    "ashshaf",
    "afif",
    "dawadmi",
    "rbigh",
    "almithnab",
    "alkhafj",
    "aby",
    "turaif",
    "tabarjal",
    "afw",
    "abqaiq",
    "alula",
    "arar",
    "assulayyil",
    "alwajh",
    "alawamiyah",
    "albahah",
    "aaraf",
    "qaisumah",
    "aljumm",
    "thuwal",
    "yadamah",
    "almunayzilah",
    "almajridah",
    "tanmah",
    "alhair"
  ],
  "SE": [
    "stockholm",
    "malm",
    "uppsala",
    "vsters",
    "rebro",
    "linkping",
    "helsingborg",
    "huddinge",
    "nacka",
    "jnkping",
    "norrkping",
    "ume",
    "gvle",
    "sdertlje",
    "sollentuna",
    "bors",
    "haninge",
    "vxj",
    "halmstad",
    "eskilstuna",
    "karlstad",
    "solna",
    "sundbyberg",
    "trollhttan",
    "lule",
    "liding",
    "borlnge",
    "alingss",
    "kalmar",
    "kristianstad",
    "partille",
    "skvde",
    "vnersborg",
    "falun",
    "nykping",
    "skellefte",
    "varberg",
    "kersberga",
    "upplandsvsby",
    "mlndal",
    "karlskrona",
    "stermalm",
    "bromma",
    "uddevalla",
    "landskrona",
    "rnskldsvik",
    "motala",
    "trelleborg",
    "ngelholm",
    "mrsta"
  ],
  "SG": [
    "singapore",
    "tampines",
    "jurongwest",
    "hougang",
    "punggol",
    "pasirris",
    "serangoon",
    "toapayoh",
    "geylang",
    "marineparade",
    "bukittimah",
    "downtowncore",
    "kallang",
    "novena",
    "orchardroad",
    "outram",
    "rochor",
    "tanjongpagar",
    "angmokio",
    "sengkang",
    "sembawang",
    "woodlands",
    "yishun",
    "bedok",
    "bukitbatok",
    "bukitpanjang"
  ],
  "TH": [
    "bangkok",
    "chiangmai",
    "mueangnonthaburi",
    "banglamung",
    "saimai",
    "khlongsamwa",
    "bangkhae",
    "bangkhen",
    "pakkret",
    "krathumbaen",
    "latkrabang",
    "detudom",
    "nongchok",
    "banpong",
    "donmueang",
    "sattahip",
    "hatyai",
    "nongkhaem",
    "chomthong",
    "kabinburi",
    "bangkapi",
    "minburi",
    "phranakhonsiayutthaya",
    "buengkum",
    "bangkruai",
    "thamaka",
    "phibunmangsahan",
    "klaeng",
    "suratthani",
    "udonthani",
    "yangtalat",
    "nakhonratchasima",
    "bandung",
    "sadao",
    "phukhiao",
    "phasicharoen",
    "thungkhru",
    "maesai",
    "bangsue",
    "fang",
    "pattaya",
    "latphrao",
    "khonkaen",
    "dindaeng",
    "kasetsombun",
    "wangsaphung",
    "sibunrueang",
    "bangpain",
    "takhli"
  ],
  "TR": [
    "istanbul",
    "ankara",
    "izmir",
    "antalya",
    "adana",
    "kayseri",
    "mersin",
    "esenyurt",
    "ahinbey",
    "ankaya",
    "keiren",
    "seyhan",
    "ehitkamil",
    "baclar",
    "kkekmece",
    "yenimahalle",
    "yldrm",
    "seluklu",
    "mamak",
    "etimesgut",
    "bahelievler",
    "mraniye",
    "sincan",
    "sultangazi",
    "maltepe",
    "skdar",
    "buca",
    "muratpaa",
    "gaziosmanpaa",
    "kartal",
    "karabalar",
    "esenler",
    "kthane",
    "bornova",
    "nilfer",
    "fatih",
    "onikiubat",
    "gebze",
    "kocasinan",
    "avclar",
    "yreir",
    "ataehir",
    "odunpazar",
    "eyybiye",
    "antakya",
    "haliliye",
    "izmit",
    "karatay",
    "altnda",
    "alanya"
  ],
  "US": [
    "losangelescounty",
    "newyorkcity",
    "harriscounty",
    "maricopacounty",
    "sandiegocounty",
    "orangecounty",
    "chicago",
    "miamidadecounty",
    "riversidecounty",
    "queens",
    "kingcounty",
    "queenscounty",
    "sanbernardinocounty",
    "tarrantcounty",
    "bexarcounty",
    "browardcounty",
    "santaclaracounty",
    "alamedacounty",
    "philadelphiacounty",
    "sacramentocounty",
    "suffolkcounty",
    "palmbeachcounty",
    "thebronx",
    "sanantonio",
    "nassaucounty",
    "sandiego",
    "bronx",
    "traviscounty",
    "hennepincounty",
    "oaklandcounty",
    "cuyahogacounty",
    "alleghenycounty",
    "saltlakecounty",
    "contracostacounty",
    "fairfaxcounty",
    "wakecounty",
    "collincounty",
    "pimacounty",
    "honolulucounty",
    "sanjose",
    "sanjos",
    "fresnocounty",
    "westchestercounty",
    "pinellascounty",
    "gwinnettcounty",
    "bergencounty",
    "princegeorgescounty",
    "milwaukeecounty",
    "dupagecounty",
    "piercecounty",
    "fortworth",
    "kerncounty",
    "dentoncounty",
    "indianapolis",
    "macombcounty",
    "elpasocounty",
    "middlesexcounty",
    "worcestercounty",
    "montgomerycounty",
    "baltimorecounty"
  ],
  "VN": [
    "hochiminhcity",
    "cnth",
    "binha",
    "hu",
    "bcninh",
    "hidng",
    "vinh",
    "bcgiang",
    "thnhphvittr",
    "nhatrang",
    "thnhphnhatrang",
    "vngtu",
    "namnh",
    "thinguyn",
    "bunmathut",
    "cmau",
    "cugiy",
    "longxuyn",
    "vittr",
    "mtho",
    "thnhphmtho",
    "hlong",
    "namtlim",
    "thibnh",
    "qungngi",
    "rchgi",
    "tuyha",
    "caolnh",
    "phanthit",
    "lngsn",
    "huyntrngbom",
    "hng",
    "bolc",
    "cngiuc",
    "ctrng",
    "lagi",
    "trvinh",
    "bcliu",
    "cmph",
    "thxgcng",
    "pleiku",
    "phl",
    "honkim",
    "sctrng",
    "cmphmines",
    "tyninh",
    "bntre",
    "hian",
    "habnh",
    "thnhphcamranh"
  ],
  "ZA": [
    "cityofjohannesburgmetropolitanmunicipality",
    "johannesburg",
    "cityofcapetown",
    "capetown",
    "ethekwinimetropolitanmunicipality",
    "cityoftshwanemetropolitanmunicipality",
    "ehlanzenidistrict",
    "bojanalaplatinumdistrictmunicipality",
    "ortambodistrictmunicipality",
    "nkangaladistrictmunicipality",
    "vhembedistrictmunicipality",
    "capricorndistrictmunicipality",
    "soweto",
    "nelsonmandelabaymetropolitanmunicipality",
    "sekhukhunedistrictmunicipality",
    "mopanidistrictmunicipality",
    "gertsibandedistrictmunicipality",
    "sedibengdistrictmunicipality",
    "zululanddistrictmunicipality",
    "ngakamodirimolemadistrictmunicipality",
    "amatholedistrictmunicipality",
    "alfrednzodistrictmunicipality",
    "capewinelandsdistrictmunicipality",
    "chrishanidistrictmunicipality",
    "pietermaritzburg",
    "westranddistrictmunicipality",
    "buffalocitymetropolitanmunicipality",
    "mangaungmetropolitanmunicipality",
    "thabomofutsanyanadistrictmunicipality",
    "ugudistrictmunicipality",
    "waterbergdistrictmunicipality",
    "drkennethkaundadistrictmunicipality",
    "pretoria",
    "uthukeladistrictmunicipality",
    "umkhanyakudedistrictmunicipality",
    "ilembedistrictmunicipality",
    "lejweleputswadistrictmunicipality",
    "durban",
    "umzinyathidistrictmunicipality",
    "amajubadistrictmunicipality",
    "feziledabidistrictmunicipality",
    "eastlondon",
    "drruthsegomotsimompatidistrictmunicipality",
    "boksburg",
    "westcoastdistrictmunicipality",
    "welkom",
    "newcastle",
    "francesbaarddistrictmunicipality",
    "krugersdorp",
    "rustenburg"
  ]
}